{
    "name": "color",
    "roles": [
        "color"
    ],
    "lookups": [
        "free-text",
        "keywords"
    ],
    "keywords": [
        {
            "keyword": "black",
            "synonyms": [
                "black"
            ]
        },
        {
            "keyword": "blue",
            "synonyms": [
                "blue"
            ]
        },
        {
            "keyword": "green",
            "synonyms": [
                "green"
            ]
        },
        {
            "keyword": "pink",
            "synonyms": [
                "pink"
            ]
        },
        {
            "keyword": "red",
            "synonyms": [
                "red"
            ]
        },
        {
            "keyword": "white",
            "synonyms": [
                "white"
            ]
        },
        {
            "keyword": "yellow",
            "synonyms": [
                "yellow"
            ]
        }
    ]
}
