{
    "name": "shape",
    "roles": [
        "shape"
    ],
    "lookups": [
        "free-text",
        "keywords"
    ],
    "keywords": [
        {
            "keyword": "capsule",
            "synonyms": [
                "caps",
                "capsule"
            ]
        },
        {
            "keyword": "cu",
            "synonyms": [
                "cu"
            ]
        },
        {
            "keyword": "cube",
            "synonyms": [
                "cube"
            ]
        },
        {
            "keyword": "cylinder",
            "synonyms": [
                "cylinder",
                "tube"
            ]
        },
        {
            "keyword": "shpere",
            "synonyms": [
                "shpere"
            ]
        },
        {
            "keyword": "sphere",
            "synonyms": [
                "sphere"
            ]
        }
    ]
}
