{
    "utterances": [
        {
            "text": "black sphere",
            "entities": [
                {
                    "entity": "color:color",
                    "start": 0,
                    "end": 5,
                    "body": "black",
                    "entities": []
                },
                {
                    "entity": "shape:shape",
                    "start": 6,
                    "end": 12,
                    "body": "sphere",
                    "entities": []
                }
            ],
            "traits": [],
            "intent": "change_color"
        },
        {
            "text": "change cube to red",
            "entities": [
                {
                    "entity": "shape:shape",
                    "start": 7,
                    "end": 11,
                    "body": "cube",
                    "entities": []
                },
                {
                    "entity": "color:color",
                    "start": 15,
                    "end": 18,
                    "body": "red",
                    "entities": []
                }
            ],
            "traits": [],
            "intent": "change_color"
        },
        {
            "text": "color of sphere should be blue",
            "entities": [
                {
                    "entity": "shape:shape",
                    "start": 9,
                    "end": 15,
                    "body": "sphere",
                    "entities": []
                },
                {
                    "entity": "color:color",
                    "start": 26,
                    "end": 30,
                    "body": "blue",
                    "entities": []
                }
            ],
            "traits": [],
            "intent": "change_color"
        },
        {
            "text": "cube green",
            "entities": [
                {
                    "entity": "shape:shape",
                    "start": 0,
                    "end": 4,
                    "body": "cube",
                    "entities": []
                },
                {
                    "entity": "color:color",
                    "start": 5,
                    "end": 10,
                    "body": "green",
                    "entities": []
                }
            ],
            "traits": [],
            "intent": "change_color"
        },
        {
            "text": "cube pink",
            "entities": [
                {
                    "entity": "shape:shape",
                    "start": 0,
                    "end": 4,
                    "body": "cube",
                    "entities": []
                },
                {
                    "entity": "color:color",
                    "start": 5,
                    "end": 9,
                    "body": "pink",
                    "entities": []
                }
            ],
            "traits": [],
            "intent": "change_color"
        },
        {
            "text": "cube should be green",
            "entities": [
                {
                    "entity": "color:color",
                    "start": 15,
                    "end": 20,
                    "body": "green",
                    "entities": []
                },
                {
                    "entity": "shape:shape",
                    "start": 0,
                    "end": 4,
                    "body": "cube",
                    "entities": []
                }
            ],
            "traits": [],
            "intent": "change_color"
        },
        {
            "text": "cube to red",
            "entities": [
                {
                    "entity": "shape:shape",
                    "start": 0,
                    "end": 4,
                    "body": "cube",
                    "entities": []
                },
                {
                    "entity": "color:color",
                    "start": 8,
                    "end": 11,
                    "body": "red",
                    "entities": []
                }
            ],
            "traits": [],
            "intent": "change_color"
        },
        {
            "text": "cube white",
            "entities": [
                {
                    "entity": "shape:shape",
                    "start": 0,
                    "end": 4,
                    "body": "cube",
                    "entities": []
                },
                {
                    "entity": "color:color",
                    "start": 5,
                    "end": 10,
                    "body": "white",
                    "entities": []
                }
            ],
            "traits": [],
            "intent": "change_color"
        },
        {
            "text": "cylinder to white",
            "entities": [
                {
                    "entity": "shape:shape",
                    "start": 0,
                    "end": 8,
                    "body": "cylinder",
                    "entities": []
                },
                {
                    "entity": "color:color",
                    "start": 12,
                    "end": 17,
                    "body": "white",
                    "entities": []
                }
            ],
            "traits": [],
            "intent": "change_color"
        },
        {
            "text": "green cube",
            "entities": [
                {
                    "entity": "shape:shape",
                    "start": 6,
                    "end": 10,
                    "body": "cube",
                    "entities": []
                },
                {
                    "entity": "color:color",
                    "start": 0,
                    "end": 5,
                    "body": "green",
                    "entities": []
                }
            ],
            "traits": [],
            "intent": "change_color"
        },
        {
            "text": "make capsule green",
            "entities": [
                {
                    "entity": "shape:shape",
                    "start": 5,
                    "end": 12,
                    "body": "capsule",
                    "entities": []
                },
                {
                    "entity": "color:color",
                    "start": 13,
                    "end": 18,
                    "body": "green",
                    "entities": []
                }
            ],
            "traits": [],
            "intent": "change_color"
        },
        {
            "text": "make cylinder black",
            "entities": [
                {
                    "entity": "shape:shape",
                    "start": 5,
                    "end": 13,
                    "body": "cylinder",
                    "entities": []
                },
                {
                    "entity": "color:color",
                    "start": 14,
                    "end": 19,
                    "body": "black",
                    "entities": []
                }
            ],
            "traits": [],
            "intent": "change_color"
        },
        {
            "text": "make shpere white",
            "entities": [
                {
                    "entity": "color:color",
                    "start": 12,
                    "end": 17,
                    "body": "white",
                    "entities": []
                },
                {
                    "entity": "shape:shape",
                    "start": 5,
                    "end": 11,
                    "body": "shpere",
                    "entities": []
                }
            ],
            "traits": [],
            "intent": "change_color"
        },
        {
            "text": "make the cube green",
            "entities": [
                {
                    "entity": "shape:shape",
                    "start": 9,
                    "end": 13,
                    "body": "cube",
                    "entities": []
                },
                {
                    "entity": "color:color",
                    "start": 14,
                    "end": 19,
                    "body": "green",
                    "entities": []
                }
            ],
            "traits": [],
            "intent": "change_color"
        },
        {
            "text": "make the cylinder green",
            "entities": [
                {
                    "entity": "color:color",
                    "start": 18,
                    "end": 23,
                    "body": "green",
                    "entities": []
                },
                {
                    "entity": "shape:shape",
                    "start": 9,
                    "end": 17,
                    "body": "cylinder",
                    "entities": []
                }
            ],
            "traits": [],
            "intent": "change_color"
        },
        {
            "text": "pink capsule",
            "entities": [
                {
                    "entity": "color:color",
                    "start": 0,
                    "end": 4,
                    "body": "pink",
                    "entities": []
                },
                {
                    "entity": "shape:shape",
                    "start": 5,
                    "end": 9,
                    "body": "caps",
                    "entities": []
                }
            ],
            "traits": [],
            "intent": "change_color"
        },
        {
            "text": "set the sphere to red",
            "entities": [
                {
                    "entity": "shape:shape",
                    "start": 8,
                    "end": 14,
                    "body": "sphere",
                    "entities": []
                },
                {
                    "entity": "color:color",
                    "start": 18,
                    "end": 21,
                    "body": "red",
                    "entities": []
                }
            ],
            "traits": [],
            "intent": "change_color"
        },
        {
            "text": "sphere should be yellow",
            "entities": [
                {
                    "entity": "shape:shape",
                    "start": 0,
                    "end": 6,
                    "body": "sphere",
                    "entities": []
                },
                {
                    "entity": "color:color",
                    "start": 17,
                    "end": 23,
                    "body": "yellow",
                    "entities": []
                }
            ],
            "traits": [],
            "intent": "change_color"
        },
        {
            "text": "white cube",
            "entities": [
                {
                    "entity": "color:color",
                    "start": 0,
                    "end": 5,
                    "body": "white",
                    "entities": []
                },
                {
                    "entity": "shape:shape",
                    "start": 6,
                    "end": 10,
                    "body": "cube",
                    "entities": []
                }
            ],
            "traits": [],
            "intent": "change_color"
        }
    ]
}
