{
    "utterances": [
        {
            "text": "Flipendo",
            "entities": [
                {
                    "entity": "force_var:force_var",
                    "start": 0,
                    "end": 8,
                    "body": "Flipendo",
                    "entities": []
                }
            ],
            "traits": [],
            "intent": "add_force"
        },
        {
            "text": "flipendo",
            "entities": [
                {
                    "entity": "force_var:force_var",
                    "start": 0,
                    "end": 8,
                    "body": "flipendo",
                    "entities": []
                }
            ],
            "traits": [],
            "intent": "add_force"
        },
        {
            "text": "flipendo cube",
            "entities": [
                {
                    "entity": "force_var:force_var",
                    "start": 0,
                    "end": 8,
                    "body": "flipendo",
                    "entities": []
                }
            ],
            "traits": [],
            "intent": "add_force"
        },
        {
            "text": "flipendo the cube",
            "entities": [
                {
                    "entity": "force_var:force_var",
                    "start": 0,
                    "end": 8,
                    "body": "flipendo",
                    "entities": []
                }
            ],
            "traits": [],
            "intent": "add_force"
        }
    ]
}
